{
  "subset": "core",
  "run_mode": 3,
  "model_name": "models/yolo26n_top100_rpi_final.pt",
  "iou_threshold": 0.5,
  "summary": {
    "micro_precision": 0.7788,
    "micro_recall": 0.16171,
    "micro_f1": 0.267811,
    "macro_precision": 0.690775,
    "macro_recall": 0.291478,
    "macro_f1": 0.377941,
    "map50": 0.250933,
    "total_tp": 1778,
    "total_fp": 505,
    "total_fn": 9217
  },
  "per_class": [
    {
      "class_name": "dog",
      "gt_count": 218,
      "pred_count": 158,
      "tp": 93,
      "fp": 65,
      "fn": 125,
      "precision": 0.588608,
      "recall": 0.426606,
      "f1": 0.494681,
      "ap50": 0.361037
    },
    {
      "class_name": "person",
      "gt_count": 10777,
      "pred_count": 2125,
      "tp": 1685,
      "fp": 440,
      "fn": 9092,
      "precision": 0.792941,
      "recall": 0.156351,
      "f1": 0.2612,
      "ap50": 0.140828
    }
  ]
}